{"cameraMode":{"drawMode":0,"name":"Shaded","section":"Shading Mode"},"sceneLighting":false,"audioPlay":false,"sceneViewState":{"showFog":true,"showMaterialUpdate":false,"showSkybox":false,"showFlares":true,"showImageEffects":true,"showParticleSystems":true},"in2DMode":false,"pivot":{"x":-14.55785083770752,"y":0.1973876953125,"z":-20.96288299560547},"rotation":{"x":0.22925229370594026,"y":0.0014558428665623069,"z":-0.0003426752518862486,"w":0.9733654856681824},"size":34.75417709350586,"orthographic":false}