{"cameraMode":{"drawMode":0,"name":"Shaded","section":"Shading Mode"},"sceneLighting":false,"audioPlay":false,"sceneViewState":{"showFog":true,"showMaterialUpdate":false,"showSkybox":true,"showFlares":true,"showImageEffects":true,"showParticleSystems":true},"in2DMode":false,"pivot":{"x":-18.631059646606447,"y":0.05102257430553436,"z":-25.975027084350587},"rotation":{"x":-0.33887097239494326,"y":-0.32837116718292239,"z":0.12755203247070313,"w":-0.8723928928375244},"size":9.631636619567871,"orthographic":false}