{"cameraMode":{"drawMode":0,"name":"Shaded","section":"Shading Mode"},"sceneLighting":true,"audioPlay":false,"sceneViewState":{"showFog":true,"showMaterialUpdate":false,"showSkybox":true,"showFlares":true,"showImageEffects":true,"showParticleSystems":true},"in2DMode":false,"pivot":{"x":2.66292142868042,"y":-2.62109637260437,"z":-7.156497955322266},"rotation":{"x":0.11089718341827393,"y":0.888400137424469,"z":-0.29569846391677859,"w":0.33318108320236208},"size":13.695866584777832,"orthographic":false}